{
  "mIoU_base": 0.6568756739298502,
  "mIoU_final": 0.26913878122965496,
  "mAP_base": 1.1,
  "mAP_final": 1.1,
  "Top1_final": 0.11666666666666667,
  "mIoU_drop": 0.3877368927001953,
  "mAP_drop": 0.0,
  "Top1_drop": 0.8833333333333333,
  "pass_mIoU": false,
  "pass_mAP": true,
  "pass_Top1": false
}